{
  "toms_storage:unlock_glowstone": {
    "criteria": {
      "inv_changed-glowstone": "2026-01-21 17:53:04 -0500"
    },
    "done": true
  },
  "toms_storage:unlock_dia_pearl": {
    "criteria": {
      "inv_changed-ender_pearl": "2026-01-21 17:53:04 -0500",
      "inv_changed-diamond": "2026-01-21 17:53:04 -0500"
    },
    "done": true
  },
  "minecraft:recipes/decorations/crafting_table": {
    "criteria": {
      "unlock_right_away": "2026-01-21 17:53:04 -0500"
    },
    "done": true
  },
  "minecraft:recipes/decorations/chest": {
    "criteria": {
      "has_lots_of_items": "2026-01-21 18:05:03 -0500"
    },
    "done": true
  },
  "thematic:grant_book_on_first_join": {
    "criteria": {
      "tick": "2026-01-21 17:53:04 -0500"
    },
    "done": true
  },
  "toms_storage:unlock_netherite": {
    "criteria": {
      "inv_changed-netherite": "2026-01-21 17:53:04 -0500"
    },
    "done": true
  },
  "minecraft:adventure/adventuring_time": {
    "criteria": {
      "minecraft:plains": "2026-01-21 17:53:05 -0500"
    },
    "done": false
  },
  "toms_storage:unlock_chest": {
    "criteria": {
      "inv_changed-chest": "2026-01-21 17:53:04 -0500"
    },
    "done": true
  },
  "DataVersion": 3465
}