{"stats":{"minecraft:used":{"minecraft:barrier":1,"minecraft:white_stained_glass":4,"thematic:city_night_wallpaper":12,"minecraft:stone":1},"minecraft:dropped":{"pointblank:glock17":1},"minecraft:custom":{"minecraft:jump":153,"minecraft:leave_game":1,"minecraft:time_since_rest":25077,"minecraft:deaths":1,"minecraft:crouch_one_cm":1026,"minecraft:damage_taken":530,"minecraft:sprint_one_cm":48960,"minecraft:play_time":42316,"minecraft:time_since_death":25036,"minecraft:walk_one_cm":82363,"minecraft:sneak_time":436,"minecraft:total_world_time":42316,"minecraft:fall_one_cm":950,"minecraft:drop":1,"minecraft:fly_one_cm":129763,"minecraft:aviate_one_cm":99656},"minecraft:killed_by":{"minecraft:player":1}},"DataVersion":3465}