{"stats":{"minecraft:mined":{"thematic:purple_wallpaper":1,"thematic:blue_wallpaper":4},"minecraft:dropped":{"thematic:martian_manhunter_jlu":1,"thematic:superman_starro":1,"thematic:flash_starro":1,"thematic:filthy_stain":1,"minecraft:soul_lantern":1,"thematic:wonder_woman_starro":1,"thematic:batman_2004":1,"minecraft:structure_block":2,"dungeonz:dungeon_portal":1,"minecraft:grass_block":1,"thematic:green_arrow_jlu":1,"thematic:aquaman_yj":1,"minecraft:emerald":1,"minecraft:cyan_terracotta":1,"minecraft:dirt":1,"thematic:hal_jordan1":1,"thematic:black_canary_yj":1,"thematic:blue_wallpaper":2,"minecraft:stripped_dark_oak_wood":1,"minecraft:jigsaw":2,"minecraft:bone":6},"minecraft:picked_up":{"thematic:superman_starro":1,"minecraft:filled_map":4,"thematic:aquaman_yj":1,"thematic:green_arrow_jlu":1,"minecraft:gunpowder":1,"thematic:flash_starro":1,"minecraft:item_frame":4,"minecraft:bone":9,"thematic:wonder_woman_starro":1,"thematic:blue_wallpaper":4,"thematic:martian_manhunter_jlu":1,"pointblank:glock17":1,"thematic:black_canary_yj":1,"pointblank:gunmetal_nugget":2,"thematic:batman_2004":1,"minecraft:mangrove_sign":15,"minecraft:brown_carpet":1,"minecraft:arrow":1,"minecraft:rotten_flesh":4,"minecraft:polished_blackstone_button":1,"minecraft:soul_lantern":1,"thematic:purple_wallpaper":1,"thematic:the_flash":1,"minecraft:painting":1,"minecraft:birch_sign":4,"minecraft:emerald":1,"thematic:hal_jordan1":1,"thematic:alex":1},"minecraft:killed":{"minecraft:cat":1,"minecraft:wandering_trader":1,"minecraft:slime":1,"minecraft:creeper":1,"minecraft:skeleton":1,"minecraft:trader_llama":1,"minecraft:zombie":2,"minecraft:player":1,"thematic:tentacle":1,"minecraft:cow":1},"minecraft:used":{"thematic:christmas_star":1,"thematic:large_display_case":4,"minecraft:dark_oak_stairs":8,"minecraft:light_blue_stained_glass_pane":1,"minecraft:netherite_sword":5,"thematic:flash_starro":2,"minecraft:iron_bars":9,"minecraft:granite_stairs":7,"minecraft:jigsaw":66,"thematic:hourman":1,"minecraft:light_gray_stained_glass_pane":3,"minecraft:polished_deepslate":2,"minecraft:flint_and_steel":48,"dungeonz:dungeon_portal":34,"thematic:retro_tv":1,"minecraft:spruce_slab":1,"thematic:vintage_clock":2,"thematic:antique_globe":1,"thematic:vintage_desk_lamp":4,"minecraft:stone":4,"thematic:purple_neon_pillar":118,"thematic:weathered_brick_stairs":17,"minecraft:structure_block":54,"thematic:coal_slab":4,"thematic:black_wallpaper":5,"thematic:aquaman_rebirth":1,"minecraft:netherrack":88,"thematic:halloween_wallpaper":63,"thematic:wonder_woman_starro":2,"thematic:stripped_charred_wood":1,"thematic:charred_trapdoor":1,"minecraft:dark_oak_trapdoor":1,"thematic:cutting_board":1,"minecraft:dirt":13,"minecraft:anvil":4,"thematic:red_phone":2,"minecraft:yellow_terracotta":3,"thematic:card_deck":1,"thematic:vintage_radio":1,"minecraft:brick_slab":3,"minecraft:spruce_stairs":2,"minecraft:blast_furnace":1,"thematic:retro_computer":1,"thematic:blood_splatter":37,"thematic:gray_wallpaper":10,"easy_npc:humanoid_spawn_egg":3,"thematic:aquaman_yj":1,"thematic:coal_wall":30,"minecraft:dark_prismarine":2,"thematic:book_and_inkpot":4,"thematic:purple_wallpaper":55,"minecraft:cyan_terracotta":10,"minecraft:stripped_dark_oak_wood":1,"minecraft:bricks":2,"thematic:desk_chair":9,"minecraft:cracked_polished_blackstone_bricks":56,"minecraft:grass_block":3,"minecraft:barrier":113,"minecraft:brick_stairs":10,"minecraft:netherite_axe":5,"minecraft:polished_blackstone_brick_wall":5,"minecraft:polished_blackstone_brick_stairs":41,"minecraft:dark_oak_slab":1,"minecraft:spruce_trapdoor":1,"dungeonz:dungeon_gate":1,"thematic:blue_wallpaper":119,"thematic:charred_bookshelf":11,"thematic:mannequin":10,"thematic:shakespeare":1,"thematic:typewriter":1,"minecraft:glowstone":17,"minecraft:golden_sword":3,"minecraft:coal_block":70,"thematic:coal_stairs":38,"thematic:scientist_spawn_egg":1,"minecraft:cobblestone":7,"thematic:cpt_marvel":1,"thematic:aquaman_tbatb":1,"minecraft:white_stained_glass_pane":7,"thematic:green_lantern_statue":1,"minecraft:red_concrete_powder":1,"minecraft:smithing_table":4,"minecraft:podzol":4,"minecraft:andesite":6,"thematic:charred_fence":4,"thematic:charred_stairs":7,"minecraft:stripped_oak_log":8,"thematic:charred_slab":13,"thematic:charred_fence_gate":2,"minecraft:gray_wool":10,"thematic:framed_picture_b":2,"dungeonz:dungeon_spawner":1,"thematic:aquaman_starro":1,"minecraft:brown_mushroom_block":10,"thematic:wonder_woman1":1},"minecraft:custom":{"minecraft:interact_with_smithing_table":1,"minecraft:mob_kills":13,"minecraft:open_barrel":7,"minecraft:leave_game":18,"minecraft:time_since_death":1319580,"minecraft:time_since_rest":1319612,"minecraft:sprint_one_cm":879480,"minecraft:damage_taken":10,"minecraft:walk_one_cm":999852,"minecraft:drop":24,"minecraft:damage_dealt":1103,"minecraft:interact_with_beacon":1,"minecraft:fly_one_cm":12413188,"minecraft:player_kills":1,"minecraft:open_chest":5,"minecraft:crouch_one_cm":24404,"minecraft:play_time":1391141,"minecraft:deaths":1,"minecraft:sneak_time":25251,"minecraft:interact_with_lectern":1,"minecraft:aviate_one_cm":865136,"minecraft:jump":9468,"minecraft:interact_with_blast_furnace":7,"minecraft:total_world_time":2622721,"minecraft:fall_one_cm":420}},"DataVersion":3465}