{"stats":{"minecraft:dropped":{"patchouli:guide_book":1,"minecraft:filled_map":1,"minecraft:cyan_terracotta":1,"minecraft:map":1,"pointblank:cp2077_ca_unity_angelica":1,"thematic:wallet":1},"minecraft:picked_up":{"minecraft:dark_oak_button":4,"thematic:light_gray_concrete_slab":1,"minecraft:filled_map":24,"minecraft:heavy_weighted_pressure_plate":2,"minecraft:item_frame":39,"minecraft:dark_oak_sign":6,"minecraft:crimson_button":1,"minecraft:mangrove_sign":1,"minecraft:spruce_sign":5},"minecraft:killed":{"minecraft:zombie":1},"minecraft:used":{"minecraft:quartz_bricks":1,"thematic:jsa_painting":2,"thematic:glass_trapdoor":2,"minecraft:dark_oak_stairs":14,"minecraft:light_blue_stained_glass_pane":9,"minecraft:mossy_stone_bricks":14,"minecraft:end_rod":3,"minecraft:light_gray_stained_glass_pane":8,"thematic:olympian_statue":2,"minecraft:polished_deepslate":7,"minecraft:brick_wall":3,"minecraft:lodestone":1,"minecraft:flint_and_steel":6,"thematic:filthy_stain":75,"minecraft:birch_leaves":2,"thematic:table_lamp":3,"minecraft:spruce_slab":16,"thematic:grundy":1,"minecraft:oak_sign":2,"minecraft:andesite_slab":24,"thematic:weathered_brick_wall":9,"thematic:glass_stairs":4,"thematic:light_gray_concrete_slab":46,"minecraft:redstone_block":13,"minecraft:cauldron":2,"thematic:weathered_brick_stairs":3,"minecraft:stripped_birch_wood":2,"minecraft:smooth_quartz_stairs":8,"minecraft:netherrack":7,"thematic:stripped_charred_wood":5,"minecraft:oak_leaves":36,"minecraft:spruce_leaves":3,"minecraft:debug_stick":28,"thematic:charred_trapdoor":12,"minecraft:dark_oak_trapdoor":27,"minecraft:dirt":3,"minecraft:anvil":2,"minecraft:mangrove_trapdoor":4,"thematic:microscope":1,"thematic:cover_js":2,"thematic:dirty_glass_pane":1,"thematic:vintage_radio":1,"thematic:black_frosted_glass_pane":4,"minecraft:nether_bricks":2,"minecraft:spruce_stairs":5,"minecraft:blast_furnace":29,"thematic:charred_sign":1,"minecraft:campfire":3,"minecraft:oak_wood":1,"minecraft:dark_oak_fence_gate":16,"thematic:spruce_table":9,"minecraft:gray_concrete":2,"thematic:nth_metal_trapdoor":30,"minecraft:painting":2,"thematic:atrocitus":1,"minecraft:granite":49,"minecraft:blue_concrete":2,"thematic:light_blue_neon_pillar":75,"minecraft:nether_brick_stairs":20,"thematic:lamp_stackable":3,"thematic:weathered_brick_slab":17,"minecraft:light":5,"minecraft:glass":2,"minecraft:mud":9,"minecraft:dark_prismarine":3,"minecraft:crimson_button":1,"thematic:modern_office_chair":14,"minecraft:black_concrete":100,"thematic:white_neon_light":7,"minecraft:cyan_terracotta":31,"minecraft:chipped_anvil":4,"minecraft:stripped_dark_oak_wood":30,"minecraft:bricks":6,"minecraft:quartz_pillar":9,"minecraft:muddy_mangrove_roots":5,"thematic:smooth_dark_quartz":37,"minecraft:mangrove_stairs":26,"minecraft:spruce_wood":6,"minecraft:red_wool":10,"minecraft:black_stained_glass_pane":19,"thematic:namor":1,"minecraft:grass_block":19,"minecraft:rooted_dirt":8,"minecraft:barrier":63,"thematic:jl_painting":1,"minecraft:packed_mud":38,"minecraft:map":1,"minecraft:lectern":3,"minecraft:cyan_concrete":13,"thematic:frosted_glass_pane":5,"minecraft:red_terracotta":62,"minecraft:dark_oak_slab":61,"thematic:black_neon_pillar":4,"minecraft:spruce_trapdoor":8,"minecraft:gray_concrete_powder":29,"thematic:chemistry_set":2,"minecraft:dark_oak_button":1,"thematic:borderless_glass":1,"thematic:shakespeare":1,"minecraft:polished_andesite_slab":4,"thematic:smooth_soul_sandstone_wall":6,"thematic:vintage_computer":1,"thematic:wildcat":1,"minecraft:coal_block":8,"minecraft:red_carpet":2,"minecraft:redstone_lamp":2,"minecraft:cyan_stained_glass_pane":7,"minecraft:white_stained_glass_pane":18,"minecraft:dark_oak_pressure_plate":1,"minecraft:red_concrete_powder":39,"minecraft:white_banner":11,"minecraft:dark_oak_fence":22,"minecraft:smithing_table":21,"minecraft:mangrove_slab":36,"minecraft:white_stained_glass":9,"minecraft:gold_block":1,"minecraft:andesite":12,"minecraft:glass_pane":2,"minecraft:acacia_wood":3,"minecraft:smooth_stone_slab":3,"thematic:star_sapphire":1,"minecraft:coarse_dirt":17,"minecraft:stone_pressure_plate":17,"thematic:charred_stairs":2,"minecraft:white_concrete":10,"thematic:charred_slab":18,"minecraft:hanging_roots":13,"minecraft:brown_mushroom_block":10,"thematic:gold_bar_pile":1,"thematic:oak_chair":1,"minecraft:birch_stairs":3,"minecraft:pointed_dripstone":18},"minecraft:custom":{"minecraft:interact_with_smithing_table":5,"minecraft:mob_kills":1,"minecraft:leave_game":3,"minecraft:time_since_death":101972,"minecraft:time_since_rest":101972,"minecraft:sprint_one_cm":84579,"minecraft:damage_taken":70,"minecraft:walk_one_cm":89832,"minecraft:drop":6,"minecraft:damage_dealt":107,"minecraft:fly_one_cm":945351,"minecraft:crouch_one_cm":8838,"minecraft:play_time":101972,"minecraft:sneak_time":12012,"minecraft:aviate_one_cm":33957,"minecraft:jump":289,"minecraft:interact_with_blast_furnace":18,"minecraft:total_world_time":101972,"minecraft:fall_one_cm":967}},"DataVersion":3465}