{"stats":{"minecraft:dropped":{"minecraft:lantern":1},"minecraft:custom":{"minecraft:time_since_rest":134371,"minecraft:crouch_one_cm":22212,"minecraft:deaths":1,"minecraft:sprint_one_cm":559952,"minecraft:play_time":282004,"minecraft:walk_one_cm":302338,"minecraft:sneak_time":5776,"minecraft:drop":1,"minecraft:aviate_one_cm":629982,"minecraft:jump":1885,"minecraft:damage_dealt":59,"minecraft:interact_with_blast_furnace":1,"minecraft:leave_game":14,"minecraft:time_since_death":134350,"minecraft:total_world_time":315670,"minecraft:fly_one_cm":3168964},"minecraft:used":{"minecraft:structure_block":76,"thematic:power_dampener":2,"minecraft:birch_button":1,"thematic:purple_wallpaper":19,"minecraft:jigsaw":66,"thematic:wave_spawner":1,"minecraft:command_block":6,"dungeonz:dungeon_portal":15,"thematic:superman_1997":3,"minecraft:oak_sign":2,"thematic:mmh_natural":1,"minecraft:chest":1,"minecraft:redstone_block":27,"thematic:the_flash_rebirth":1,"minecraft:zombie_spawn_egg":6,"thematic:blue_wallpaper":46,"thematic:atom_smasher":2,"minecraft:spruce_log":13},"minecraft:picked_up":{"minecraft:oak_sign":1,"minecraft:lantern":3}},"DataVersion":3465}