{"stats":{"minecraft:picked_up":{"minecraft:gray_carpet":1},"minecraft:used":{"minecraft:gray_carpet":1,"thematic:leonardo":4,"minecraft:tnt":1},"minecraft:custom":{"minecraft:jump":1133,"minecraft:time_since_rest":32370,"minecraft:leave_game":1,"minecraft:interact_with_blast_furnace":4,"minecraft:crouch_one_cm":2870,"minecraft:sprint_one_cm":163577,"minecraft:play_time":32370,"minecraft:time_since_death":32370,"minecraft:walk_one_cm":120861,"minecraft:sneak_time":184,"minecraft:total_world_time":32370,"minecraft:fly_one_cm":473699}},"DataVersion":3465}