{
  "dungeon_type": "brownstone_raid",
  "difficulty": {
    "easy": {
      "mob_modificator": 1.0,
      "loot_table_ids": [
        "minecraft:chests/stronghold_library"
      ],
      "boss_modificator": 1.0,
      "boss_loot_table_id": "dungeonz:chests/brownstone_raid_reward"
    },
    "normal": {
      "mob_modificator": 1.5,
      "loot_table_ids": [
        "minecraft:chests/stronghold_library"
      ],
      "boss_modificator": 2.0,
      "boss_loot_table_id": "dungeonz:chests/brownstone_raid_reward"
    }
  },
  "blocks": {
    "minecraft:diamond_block": {
      "spawns": [
        "minecraft:wither_skeleton"
      ],
      "chance": {
        "easy": 0.8,
        "normal": 1.0
      },
      "replace": "minecraft:air"
    },
    "minecraft:redstone_block": {
      "boss_entity": "minecraft:sheep",
      "replace": "minecraft:air"
    },
    "minecraft:emerald_block": {
      "boss_loot_block": true,
      "replace": "minecraft:air"
    },
    "minecraft:stone": {
      "exit_block": true,
      "replace": "minecraft:air"
    }
  },
  "spawner": {
    "minecraft:zombie": 10,
    "minecraft:skeleton": 5
  },
  "breakable": [],
  "placeable": [],
  "required": {
    "minecraft:diamond": 16
  },
  "elytra": false,
  "max_group_size": 5,
  "cooldown": 108000,
  "background_texture": "",
  "dungeon_structure_pool_id": "dungeonz:brownstone_raid/start"
}