{
    "dungeon_type": "example_dungeon",
    "difficulty": {
        "easy": {
            "mob_modificator": 1.0,
            "loot_table_ids": [],
            "boss_modificator": 1.0,
            "boss_loot_table_id": "dungeonz:chests/example_dungeon_boss_loot"
        },
        "normal": {
            "mob_modificator": 1.5,
            "loot_table_ids": [],
            "boss_modificator": 2.0,
            "boss_loot_table_id": "dungeonz:chests/example_dungeon_boss_loot"
        }
    },
    "blocks": {
        "minecraft:diamond_block": {
            "spawns": [
                "minecraft:wither_skeleton"
            ],
            "chance": {
                "easy": 0.8,
                "normal": 1.0
            },
            "replace": "minecraft:air"
        },
        "minecraft:redstone_block": {
            "boss_entity": "minecraft:sheep",
            "replace": "minecraft:air"
        },
        "minecraft:emerald_block": {
            "boss_loot_block": true,
            "replace": "minecraft:air"
        },
        "minecraft:stone": {
            "exit_block": true,
            "replace": "minecraft:air"
        }
    },
    "spawner": {
        "minecraft:zombie": 10


    },
    "breakable": [],
    "placeable": [],
    "required": {
        "minecraft:diamond": 16
    },
    "elytra": false,
    "max_group_size": 5,
    "cooldown": 108000,
    "background_texture": "",
    "dungeon_structure_pool_id": "dungeonz:example_spawn"
}

