{
  "gameType": "CREATIVE",
  "difficulty": "PEACEFUL",
  "difficultyLocked": false,
  "cheats": true,
  "invited": [
    "c641f677-0a8a-4d62-b0be-bb73f7950553",
    "05cb1f78-0cde-40bb-b68b-76accb30c017",
    "4082517f-c021-411b-b302-ccb2d61c84c1",
    "7afd342a-e68e-448d-a6b2-3aeb4bc52bc6"
  ],
  "shareResourcePack": false,
  "oppedPlayers": [
    "c641f677-0a8a-4d62-b0be-bb73f7950553",
    "05cb1f78-0cde-40bb-b68b-76accb30c017",
    "4082517f-c021-411b-b302-ccb2d61c84c1",
    "7afd342a-e68e-448d-a6b2-3aeb4bc52bc6"
  ]
}