{
    "type": "minecraft:chest",
    "pools": [
        {
            "bonus_rolls": 0.0,
            "rolls": 1.0,
            "entries": [
                {
                    "type": "minecraft:item",
                    "name": "minecraft:wither_skeleton_skull"
                }
            ]
        },
        {
            "bonus_rolls": 0.0,
            "rolls": {
                "type": "minecraft:uniform",
                "max": 2.0,
                "min": 1.0
            },
            "entries": [
                {
                    "type": "minecraft:item",
                    "functions": [
                        {
                            "add": false,
                            "count": 1.0,
                            "function": "minecraft:set_count"
                        },
                        {
                            "add": false,
                            "damage": {
                                "type": "minecraft:uniform",
                                "max": 1.0,
                                "min": 0.6
                            },
                            "function": "minecraft:set_damage"
                        },
                        {
                            "function": "minecraft:enchant_with_levels",
                            "levels": {
                                "type": "minecraft:uniform",
                                "max": 50.0,
                                "min": 30.0
                            },
                            "treasure": true
                        }
                    ],
                    "name": "minecraft:iron_sword",
                    "weight": 2
                },
                {
                    "type": "minecraft:item",
                    "functions": [
                        {
                            "add": false,
                            "count": 1.0,
                            "function": "minecraft:set_count"
                        },
                        {
                            "add": false,
                            "damage": {
                                "type": "minecraft:uniform",
                                "max": 1.0,
                                "min": 0.6
                            },
                            "function": "minecraft:set_damage"
                        },
                        {
                            "function": "minecraft:enchant_with_levels",
                            "levels": {
                                "type": "minecraft:uniform",
                                "max": 50.0,
                                "min": 30.0
                            },
                            "treasure": true
                        }
                    ],
                    "name": "minecraft:iron_shovel",
                    "weight": 2
                },
                {
                    "type": "minecraft:item",
                    "functions": [
                        {
                            "add": false,
                            "count": 1.0,
                            "function": "minecraft:set_count"
                        },
                        {
                            "add": false,
                            "damage": {
                                "type": "minecraft:uniform",
                                "max": 1.0,
                                "min": 0.6
                            },
                            "function": "minecraft:set_damage"
                        },
                        {
                            "function": "minecraft:enchant_with_levels",
                            "levels": {
                                "type": "minecraft:uniform",
                                "max": 50.0,
                                "min": 30.0
                            },
                            "treasure": true
                        }
                    ],
                    "name": "minecraft:iron_pickaxe",
                    "weight": 2
                },
                {
                    "type": "minecraft:item",
                    "functions": [
                        {
                            "add": false,
                            "count": 1.0,
                            "function": "minecraft:set_count"
                        },
                        {
                            "add": false,
                            "damage": {
                                "type": "minecraft:uniform",
                                "max": 1.0,
                                "min": 0.6
                            },
                            "function": "minecraft:set_damage"
                        },
                        {
                            "function": "minecraft:enchant_with_levels",
                            "levels": {
                                "type": "minecraft:uniform",
                                "max": 50.0,
                                "min": 30.0
                            },
                            "treasure": true
                        }
                    ],
                    "name": "minecraft:iron_axe",
                    "weight": 2
                },
                {
                    "type": "minecraft:item",
                    "functions": [
                        {
                            "add": false,
                            "count": 1.0,
                            "function": "minecraft:set_count"
                        },
                        {
                            "add": false,
                            "damage": {
                                "type": "minecraft:uniform",
                                "max": 1.0,
                                "min": 0.6
                            },
                            "function": "minecraft:set_damage"
                        },
                        {
                            "function": "minecraft:enchant_with_levels",
                            "levels": {
                                "type": "minecraft:uniform",
                                "max": 50.0,
                                "min": 30.0
                            },
                            "treasure": true
                        }
                    ],
                    "name": "minecraft:iron_hoe",
                    "weight": 2
                },
                {
                    "type": "minecraft:item",
                    "functions": [
                        {
                            "add": false,
                            "count": 1.0,
                            "function": "minecraft:set_count"
                        },
                        {
                            "add": false,
                            "damage": {
                                "type": "minecraft:uniform",
                                "max": 1.0,
                                "min": 0.6
                            },
                            "function": "minecraft:set_damage"
                        },
                        {
                            "function": "minecraft:enchant_with_levels",
                            "levels": {
                                "type": "minecraft:uniform",
                                "max": 50.0,
                                "min": 30.0
                            },
                            "treasure": true
                        }
                    ],
                    "name": "minecraft:iron_helmet",
                    "weight": 2
                },
                {
                    "type": "minecraft:item",
                    "functions": [
                        {
                            "add": false,
                            "count": 1.0,
                            "function": "minecraft:set_count"
                        },
                        {
                            "add": false,
                            "damage": {
                                "type": "minecraft:uniform",
                                "max": 1.0,
                                "min": 0.6
                            },
                            "function": "minecraft:set_damage"
                        },
                        {
                            "function": "minecraft:enchant_with_levels",
                            "levels": {
                                "type": "minecraft:uniform",
                                "max": 50.0,
                                "min": 30.0
                            },
                            "treasure": true
                        }
                    ],
                    "name": "minecraft:iron_chestplate",
                    "weight": 2
                },
                {
                    "type": "minecraft:item",
                    "functions": [
                        {
                            "add": false,
                            "count": 1.0,
                            "function": "minecraft:set_count"
                        },
                        {
                            "add": false,
                            "damage": {
                                "type": "minecraft:uniform",
                                "max": 1.0,
                                "min": 0.6
                            },
                            "function": "minecraft:set_damage"
                        },
                        {
                            "function": "minecraft:enchant_with_levels",
                            "levels": {
                                "type": "minecraft:uniform",
                                "max": 50.0,
                                "min": 30.0
                            },
                            "treasure": true
                        }
                    ],
                    "name": "minecraft:iron_leggings",
                    "weight": 2
                },
                {
                    "type": "minecraft:item",
                    "functions": [
                        {
                            "add": false,
                            "count": 1.0,
                            "function": "minecraft:set_count"
                        },
                        {
                            "add": false,
                            "damage": {
                                "type": "minecraft:uniform",
                                "max": 1.0,
                                "min": 0.6
                            },
                            "function": "minecraft:set_damage"
                        },
                        {
                            "function": "minecraft:enchant_with_levels",
                            "levels": {
                                "type": "minecraft:uniform",
                                "max": 50.0,
                                "min": 30.0
                            },
                            "treasure": true
                        }
                    ],
                    "name": "minecraft:iron_boots",
                    "weight": 2
                }
            ]
        },
        {
            "bonus_rolls": 0.0,
            "rolls": {
                "type": "minecraft:uniform",
                "max": 2.0,
                "min": 1.0
            },
            "entries": [
                {
                    "type": "minecraft:item",
                    "functions": [
                        {
                            "function": "minecraft:enchant_with_levels",
                            "levels": 30.0,
                            "treasure": true
                        }
                    ],
                    "name": "minecraft:book"
                }
            ]
        },
        {
            "bonus_rolls": 0.0,
            "rolls": {
                "type": "minecraft:uniform",
                "max": 8.0,
                "min": 3.0
            },
            "entries": [
                {
                    "type": "minecraft:item",
                    "name": "minecraft:shulker_shell",
                    "weight": 1
                },
                {
                    "type": "minecraft:item",
                    "name": "minecraft:name_tag",
                    "weight": 3
                },
                {
                    "type": "minecraft:item",
                    "name": "minecraft:slime_ball",
                    "weight": 6,
                    "functions": [
                        {
                            "add": false,
                            "count": {
                                "type": "minecraft:uniform",
                                "max": 8.0,
                                "min": 1.0
                            },
                            "function": "minecraft:set_count"
                        }
                    ]
                },
                {
                    "type": "minecraft:item",
                    "name": "minecraft:iron_ingot",
                    "weight": 20,
                    "functions": [
                        {
                            "add": false,
                            "count": {
                                "type": "minecraft:uniform",
                                "max": 16.0,
                                "min": 2.0
                            },
                            "function": "minecraft:set_count"
                        }
                    ]
                },
                {
                    "type": "minecraft:item",
                    "name": "minecraft:gunpowder",
                    "weight": 20,
                    "functions": [
                        {
                            "add": false,
                            "count": {
                                "type": "minecraft:uniform",
                                "max": 8.0,
                                "min": 1.0
                            },
                            "function": "minecraft:set_count"
                        }
                    ]
                },
                {
                    "type": "minecraft:item",
                    "name": "minecraft:obsidian",
                    "weight": 20,
                    "functions": [
                        {
                            "add": false,
                            "count": {
                                "type": "minecraft:uniform",
                                "max": 2.0,
                                "min": 1.0
                            },
                            "function": "minecraft:set_count"
                        }
                    ]
                }
            ]
        }
    ]
}